type,src
iframe,<iframe data-testid="embed-iframe" style="border-radius:12px" src="https://open.spotify.com/embed/artist/0RzRKcdTuP9gprvbZDs0ic?utm_source=generator" width="100%" height="152" frameBorder="0" allowfullscreen="" allow="autoplay; clipboard-write; encrypted-media; fullscreen; picture-in-picture" loading="lazy"></iframe>
iframe,<iframe width="560" height="315" src="https://www.youtube.com/embed/lN_n5hkn-xY?si=CXA8HBZb7Tv52npq" title="YouTube video player" frameborder="0" allow="accelerometer; autoplay; clipboard-write; encrypted-media; gyroscope; picture-in-picture; web-share" referrerpolicy="strict-origin-when-cross-origin" allowfullscreen></iframe>
iframe,<iframe width="560" height="315" src="https://www.youtube.com/embed/arZPpyK47K0?si=8juLcc40O4FANw5u" title="YouTube video player" frameborder="0" allow="accelerometer; autoplay; clipboard-write; encrypted-media; gyroscope; picture-in-picture; web-share" referrerpolicy="strict-origin-when-cross-origin" allowfullscreen></iframe>
iframe,<iframe width="560" height="315" src="https://www.youtube.com/embed/sxtv552o3hM?si=C7qCERu2WYSXOEHb" title="YouTube video player" frameborder="0" allow="accelerometer; autoplay; clipboard-write; encrypted-media; gyroscope; picture-in-picture; web-share" referrerpolicy="strict-origin-when-cross-origin" allowfullscreen></iframe>
iframe,<iframe width="100%" height="166" scrolling="no" frameborder="no" allow="autoplay" src="https://w.soundcloud.com/player/?url=https%3A//api.soundcloud.com/tracks/2105908062&color=%239b1de0&auto_play=false&hide_related=false&show_comments=true&show_user=true&show_reposts=false&show_teaser=true"></iframe>
img,media\img\imagecab1.jpg
img,media\img\imagestprex1.jpg
img,media\img\imagestprex2.jpg
img,media\img\imagestprex3.jpg
img,media\img\imageapples1.jpg
